id,speed
0,46.77697287
1,46.65029271
2,41.57371021
3,37.27108057
4,40.09679349
5,29.71128
6,26.17163141
7,49.89875932
8,47.39195706
9,33.15176167
10,31.04805001
11,22.13701235
12,21.16551502
13,20.3976959
14,26.80261458
15,38.57116392
16,42.29842547
17,44.58072914
18,48.22440254
19,49.01212079
20,46.60760597
21,45.15253161
22,22.54266162
23,31.41128131
24,28.01081456
25,20.26082699
26,19.33179816
27,18.90170515
28,19.40849778
29,16.50533853
30,24.84215749
31,43.88799506
32,48.99411109
33,31.15798247
34,29.83229583
35,27.44646597
36,23.42115433
37,21.91251985
38,47.28998499
39,41.51960105
40,43.62832721
41,47.30605207
42,48.37263318
43,43.58307094
44,22.48342803
45,20.54326556
46,19.33633926
47,15.09461539
48,47.09155133
49,45.50203757
50,47.47135292
51,38.26002674
52,31.63989679
53,29.81017066
54,27.25590221
55,26.30779021
56,26.08150689
57,28.33835406
58,40.07492841
59,40.52850578
60,32.11492873
61,30.38185269
62,32.50308232
63,35.94523581
64,41.73125871
65,48.15750749
66,47.1477968
67,46.17872595
68,42.70901179
69,32.40914177
70,24.56400287
71,23.3144085
72,20.44558578
73,21.66988614
74,19.52744359
75,16.63688234
76,44.71695045
77,40.19062057
78,45.7791824
79,47.81139336
80,19.52416177
81,20.70361666
82,23.2375069
83,18.43967986
84,17.32404683
85,15.39615207
86,23.03651314
87,35.75477805
88,45.74384236
89,38.9507776
90,48.38597034
91,47.80750879
92,47.41015659
93,46.5510421
94,30.77695382
95,18.82512207
96,21.64530965
97,13.39242027
98,13.59581574
99,23.39032746
100,37.65128104
101,47.95516973
102,20.50397072
103,18.7714659
104,18.82677206
105,45.61048339
106,38.10950769
107,48.29643214
108,42.91940041
109,20.13112909
110,15.57151287
111,15.95935034
112,24.59400215
113,37.95413334
114,41.80247237
115,47.75509583
116,48.68024615
117,42.70659312
118,31.16694893
119,29.37764499
120,23.01675519
121,24.84186161
122,33.7128811
123,47.81524561
124,48.71489142
125,37.7606426
126,35.98332751
127,30.42427855
128,28.17646244
129,39.35035332
130,49.4241348
131,46.6756146
132,46.0063314
133,28.05640959
134,23.64633476
135,23.17636794
136,37.78058269
137,43.99464582
138,49.60496987
139,46.59128208
140,46.29153646
141,44.2537208
142,27.88547712
143,20.80279191
144,23.55669003
145,21.80995449
146,21.46086908
147,48.66168383
148,49.61933406
149,47.47248469
150,46.72774658
151,21.99057086
152,20.94188892
153,17.50186791
154,14.4660536
155,24.97960482
156,37.5103521
157,43.73925529
158,40.00837362
159,45.17268898
160,48.52081069
161,50.79963701
162,48.77936533
163,46.70814267
164,44.52716531
165,27.46020876
166,20.37441674
167,21.26063278
168,19.14080069
169,18.00133865
170,14.71499986
171,15.01812907
172,44.25149005
173,48.67618897
174,44.79365752
175,28.25955915
176,23.82730813
177,23.08224031
178,21.25025752
179,15.92327622
180,44.75884184
181,48.61380087
182,48.13714622
183,49.01067712
184,43.53045277
185,22.49752001
186,22.07761477
187,39.76426801
188,41.02105853
189,48.99756641
190,43.19685253
191,34.28917843
192,24.01450264
193,24.88616172
194,24.41814658
195,26.13259876
196,25.67955098
197,33.78945968
198,38.75505763
199,47.60021125
200,47.3350482
201,26.89836853
202,25.72240912
203,20.98608456
204,19.76518051
205,19.27912328
206,38.14072934
207,40.85245461
208,47.67746519
209,47.74106201
210,46.96415153
211,46.29953218
212,28.58271598
213,19.84835653
214,24.16850818
215,24.73055686
216,19.04927326
217,25.08246834
218,45.22681655
219,47.58125911
220,45.96256948
221,45.90301519
222,28.24180116
223,16.81047897
224,15.22216056
225,25.10097943
226,44.99512588
227,48.35278562
228,19.30631554
229,25.85048578
230,21.63341362
231,21.97429928
232,45.11972268
233,47.98418131
234,46.30630013
235,20.8086682
236,28.52763744
237,23.6095822
238,27.78056679
239,45.27531299
240,40.39595973
241,45.84654448
242,47.32722389
243,48.18539595
244,47.69624498
245,47.02832929
246,34.43240482
247,30.52246557
248,26.7261233
249,27.95286427
250,27.07566871
251,41.7406077
252,44.64578022
253,35.57421845
254,42.09225679
255,47.26496096
256,47.77869978
257,47.59665413
258,43.28149824
259,34.81765151
260,34.05464832
261,31.95337313
262,35.67445034
263,44.8761759
264,35.42796166
265,41.20695607
266,47.66676165
267,45.93968487
268,21.21825801
269,23.35409933
270,19.24165809
271,19.51954021
272,18.48081309
273,19.33139491
274,44.82541237
275,47.72915799
276,47.65174486
277,47.62158332
278,31.76023525
279,24.67927382
280,22.27362419
281,25.33485927
282,22.5593603
283,19.3372644
284,21.27702638
285,21.6522308
286,48.62088754
287,48.52974844
288,24.81636853
289,19.14952938
290,18.85677408
291,20.56009568
292,20.90285091
293,29.98078777
294,44.92513896
295,49.19195297
296,47.67373116
297,33.90600557
298,22.86116524
299,30.79773379
300,25.2535024
301,21.61468832
302,23.92060953
303,44.15813735
304,41.21358584
305,49.329433
306,47.69953634
307,48.3477853
308,46.66174168
309,34.01934179
310,23.65441565
311,16.01663498
312,44.06185797
313,40.6283317
314,45.09993082
315,48.17804461
316,47.38983365
317,40.19426785
318,39.02651136
319,40.47301567
320,47.49920462
321,47.48049888
322,47.83225273
323,47.5148417
324,32.16129471
325,35.71564379
326,36.79929881
327,34.90078807
328,33.90805825
329,30.48787183
330,24.2576823
331,33.09255019
332,42.03472795
333,39.09463856
334,38.44328327
335,40.31260212
336,47.50458674
337,47.89747906
338,21.23395856
339,24.47587035
340,24.15322952
341,24.38466197
342,44.45106472
343,43.79713248
344,48.57164956
345,47.4406552
346,47.16153237
347,21.48119051
348,40.83875287
349,48.86775316
350,47.78938781
351,47.23569572
352,32.7415848
353,18.80817694
354,23.80748687
355,19.70989062
356,17.33427313
357,22.32177695
358,34.96200342
359,43.30357083
360,41.78970844
361,48.39401002
362,18.64945662
363,22.84123772
364,19.91829394
365,17.19525069
366,15.02326555
367,21.94823383
368,43.51900638
369,48.28842196
370,47.89903651
371,47.46428263
372,48.35094894
373,19.67036985
374,20.59478017
375,12.6305498
376,22.2609676
377,37.52980248
378,39.68572739
379,48.38857264
380,34.0312897
381,19.85281654
382,22.49354161
383,34.52649573
384,48.73546985
385,48.09793958
386,47.68469834
387,37.42077327
388,37.03438943
389,33.57636145
390,31.01790793
391,38.58601207
392,48.41577143
393,48.71309863
394,47.97075452
395,23.08427247
396,22.33394659
397,25.2269787
398,24.26990404
399,21.40097497
400,17.20100206
401,37.9327106
402,37.72131777
403,48.22882607
404,47.28596097
405,45.36998205
406,36.71798841
407,22.14004976
408,21.60779061
409,19.67971826
410,19.71148469
411,16.9122699
412,42.77452999
413,37.25314959
414,42.97682095
415,48.17124803
416,47.75039866
417,47.46400787
418,47.07345636
419,36.63084574
420,19.29374113
421,16.06061727
422,42.35426312
423,37.50974102
424,48.0521377
425,49.36331467
426,45.5881929
427,34.27697843
428,23.67342302
429,35.06410695
430,43.56643907
431,47.10915461
432,47.98984076
433,45.40566332
434,33.93040776
435,38.45038019
436,26.61311935
437,27.47697432
438,47.41183315
439,47.66602414
440,47.96969042
441,40.0660461
442,29.94639301
443,32.0012099
444,24.13333404
445,33.17277192
446,32.5239802
447,39.73311513
448,47.39424712
449,46.62444877
450,42.38792144
451,39.43515594
452,38.47433653
453,38.56971904
454,41.23679526
455,40.50759166
456,38.19383257
457,37.09767136
458,47.2348782
459,47.7141124
460,38.7965819
461,27.96484465
462,27.76542289
463,27.39380957
464,33.57356375
465,41.12091926
466,47.34653887
467,48.52973428
468,47.12538751
469,44.68087804
470,21.25261752
471,25.53423972
472,23.13682987
473,22.85563571
474,16.80908619
475,26.96165314
476,47.52753329
477,44.10457101
478,41.20222707
479,23.57678006
480,29.24466314
481,23.44402121
482,24.72233461
483,47.05629045
484,47.41489833
485,46.60118925
486,36.15434998
487,39.95423593
488,23.52747019
489,17.67576895
490,15.1549998
491,38.82111441
492,45.751297
493,47.3948632
494,47.66491448
495,47.41203438
496,23.4399002
497,32.36576392
498,39.60675995
499,46.5114986
500,47.68982892
501,47.75885206
502,46.7832493
503,46.77328167
504,39.05059112
505,40.31876308
506,35.10946339
507,33.10380859
508,31.02943947
509,45.90209064
510,47.3990921
511,47.43123868
512,47.08024455
513,47.76989141
514,39.07838395
515,39.29679688
516,40.71600603
517,39.60567198
518,47.66732773
519,47.63129654
520,25.6585921
521,27.69478978
522,24.13231831
523,24.01140829
524,20.26535845
525,44.50982572
526,47.82492762
527,48.38612108
528,47.30031648
529,33.28596029
530,23.8177667
531,29.18044315
532,22.17801141
533,19.59547326
534,18.82875007
535,47.38416691
536,34.21170249
537,23.4557662
538,20.80553369
539,20.97622583
540,18.87066622
541,18.59167957
542,45.91193371
543,43.25858717
544,47.49788611
545,47.64763306
546,20.04661474
547,24.6069116
548,24.16018746
549,21.57054463
550,18.72863108
551,39.60398875
552,41.5247051
553,49.58977237
554,47.91256234
555,46.7704076
556,31.53331427
557,22.05492758
558,25.90148011
559,27.37311348
560,25.25923142
561,25.00896318
562,22.04793805
563,21.93945992
564,18.99799395
565,17.97169826
566,44.76105097
567,40.02473928
568,44.91783557
569,49.1991792
570,47.9413306
571,37.56950807
572,42.92057689
573,48.42288146
574,48.92469381
575,48.57021386
576,47.49819948
577,32.71533979
578,37.43028749
579,36.55045817
580,42.77795273
581,38.57238399
582,48.75580059
583,48.68841479
584,22.31180576
585,22.90443285
586,28.56729826
587,28.83529502
588,24.89867526
589,23.4207496
590,24.72373952
591,22.9217933
592,44.04593762
593,48.38001145
594,48.62941343
595,46.88873705
596,46.60800014
597,31.57555063
598,24.98353062
599,18.17072799
600,14.97137623
601,47.95312855
602,46.85360759
603,47.03046197
604,17.61962421
605,20.38917288
606,40.23855462
607,40.75534055
608,48.73050809
609,48.72229425
610,48.31375975
611,47.04397602
612,44.84212893
613,19.35400933
614,23.65822642
615,20.96308025
616,20.19113807
617,19.9371495
618,14.57368017
619,24.23984648
620,42.74733761
621,49.10992064
622,48.06510145
623,47.28601021
624,44.74370418
625,26.47279251
626,21.7053632
627,20.08700201
628,18.59810618
629,15.52000496
630,23.95874186
631,48.61263586
632,47.92593232
633,46.45866637
634,44.14093433
635,31.02484233
636,23.68564589
637,48.58625942
638,48.24228417
639,48.15935273
640,38.85633404
641,35.38403062
642,34.06470289
643,35.19493736
644,31.23225364
645,39.44815856
646,36.89414491
647,48.08560587
648,48.83782919
649,47.60040366
650,45.32094432
651,21.13645077
652,20.91710435
653,18.4188937
654,26.27661361
655,48.20037622
656,49.80763805
657,47.87904305
658,47.17273068
659,47.73437059
660,46.35600413
661,18.45864027
662,24.9084649
663,21.20273298
664,18.96430407
665,20.06408913
666,18.85258307
667,13.96010422
668,44.63963359
669,40.57732786
670,42.92720735
671,47.12634923
672,46.83247401
673,24.747501
674,19.57763521
675,36.05757667
676,49.74755857
677,48.52427689
678,47.78284082
679,17.50425936
680,24.75657536
681,19.94279801
682,21.99002103
683,19.96357191
684,44.2556527
685,48.21457367
686,47.23700263
687,46.76660919
688,45.29274579
689,28.472383
690,21.40638335
691,25.29143512
692,19.91991564
693,20.93420647
694,47.75263141
695,48.04015468
696,42.92788641
697,36.88584503
698,29.00832576
699,25.65530683
700,24.04777604
701,26.29416317
702,43.62385241
703,47.56467218
704,47.9482864
705,48.44865327
706,47.97617229
707,45.73948117
708,32.04665851
709,30.00602373
710,30.34074198
711,32.64619807
712,31.55554359
713,35.62399284
714,28.09001235
715,43.34125416
716,38.11497696
717,39.10205784
718,47.48545478
719,30.53061936
720,20.15604459
721,17.26397253
722,17.40874105
723,44.13013859
724,40.82662873
725,47.74499983
726,47.56269073
727,28.37561324
728,16.98403743
729,16.67711474
730,13.3363682
731,41.76030064
732,47.63763071
733,48.63624912
734,43.77832566
735,18.13056
736,17.83588009
737,18.16651916
738,15.3271789
739,13.03896295
740,35.08285223
741,42.86975496
742,47.46154992
743,47.79303186
744,48.00728465
745,25.74559731
746,19.38855051
747,21.70403705
748,20.53542207
749,19.91788108
750,19.83093424
751,16.78431066
752,43.18740512
753,47.91181224
754,48.21624823
755,47.21359464
756,46.58139238
757,18.82130636
758,18.88263923
759,18.90264902
760,17.23855971
761,15.08842706
762,25.8178968
763,43.44392613
764,37.37281216
765,43.54907399
766,48.17953924
767,47.6945982
768,44.02057054
769,26.85747364
770,20.92112458
771,24.12952038
772,39.37208575
773,47.57532008
774,48.51437197
775,47.01685161
776,47.44560149
777,47.29996563
778,33.38742178
779,39.52496526
780,47.62508553
781,49.0098755
782,47.34870833
783,21.0297462
784,19.94700662
785,21.46900325
786,19.31063874
787,21.46522801
788,18.4620056
789,28.18328606
790,48.07418671
791,49.33210979
792,46.91415122
793,48.24803747
794,21.54466482
795,21.31892198
796,19.1786351
797,15.86951093
798,23.43129327
799,46.54885887
800,28.39648495
801,17.04120538
802,16.34099757
803,13.9782119
804,14.61856244
805,13.36314733
806,39.80837807
807,44.49225352
808,47.79151362
809,47.82709178
810,47.51978643
811,46.71153212
812,33.50566281
813,20.9936233
814,21.24826546
815,20.73292069
816,18.71853381
817,42.79993594
818,38.09726086
819,48.70195973
820,46.60389665
821,19.85848636
822,27.1545951
823,21.77385703
824,19.54573131
825,20.09136095
826,47.98698554
827,47.17319629
828,40.20507971
829,36.41846846
830,37.75847707
831,36.19689663
832,44.62468891
833,42.95600051
834,48.45861322
835,48.87533452
836,42.40374149
837,39.89552374
838,40.49766546
839,39.87997754
840,48.14637731
841,48.02876432
842,47.59506141
843,28.79587294
844,25.76982573
845,21.81077375
846,28.02775606
847,40.81236227
848,48.22979637
849,48.60739207
850,48.09674291
851,21.55674964
852,26.33021545
853,26.77869986
854,24.52428993
855,24.79584836
856,20.42995176
857,41.22193857
858,43.89765688
859,48.23286369
860,47.60632141
861,46.30568823
862,22.37959941
863,24.57513023
864,24.60014953
865,22.96637138
866,28.00293212
867,46.81120385
868,41.5031398
869,48.05004588
870,46.9045312
871,34.68248387
872,28.48461763
873,24.68513056
874,43.89742901
875,43.67364387
876,47.73534781
877,47.83186259
878,46.45729757
879,21.31935203
880,18.55483637
881,17.43172152
882,27.8700308
883,45.55786326
884,40.99303747
885,46.8159902
886,47.74838592
887,47.6317739
888,47.27371276
889,46.47058844
890,43.47778865
891,33.4992774
892,31.92104909
893,33.66699951
894,40.03050155
895,47.71983588
896,36.77908477
897,35.49236765
898,40.70334775
899,40.83146843
900,40.6869801
901,48.66254891
902,47.79233633
903,28.33160391
904,17.95207736
905,20.58468461
906,24.65251729
907,22.58230073
908,20.4839414
909,17.69560398
910,38.06028135
911,44.63620015
912,47.72120873
913,47.16559334
914,45.98883449
915,25.24150041
916,24.91279538
917,19.41873879
918,19.6847968
919,16.37047552
920,47.73348234
921,47.55514253
922,47.33947742
923,18.31759258
924,26.06520314
925,24.46456297
926,18.59604613
927,19.17235699
928,15.39052658
929,14.1362913
930,22.9878747
931,36.8219146
932,44.27607085
933,47.54386449
934,19.74114704
935,20.94017818
936,19.4259554
937,19.07420278
938,15.67817629
939,23.3512108
940,44.82456779
941,47.18752486
942,48.36123463
943,47.3043131
944,46.81547956
945,29.56694113
946,18.44368406
947,24.76926589
948,24.39341689
949,18.45453173
950,44.34144768
951,47.34396629
952,48.59724043
953,46.04062316
954,42.71206871
955,30.05813856
956,29.5181863
957,22.16995859
958,43.41415554
959,38.30704584
960,47.10995285
961,48.45140602
962,47.80110283
963,46.04235978
964,30.53338207
965,32.09371947
966,32.63964637
967,31.14898351
968,28.91910826
969,31.23646048
970,27.95893836
971,38.98671409
972,47.98963582
973,19.91120516
974,21.00870857
975,25.84012926
976,20.45396238
977,21.00131861
978,20.22830548
979,17.01459432
980,15.85855972
981,25.06716019
982,45.34257942
983,47.35018117
984,48.21384354
985,47.12098459
986,23.76823286
987,17.93515253
988,16.57878523
989,13.56363211
990,37.81076259
991,45.48759407
992,48.67707419
993,48.26603121
994,47.37843485
995,46.6041176
996,30.80016022
997,20.85010482
998,20.94809895
999,25.07752175
1000,18.89710556
1001,17.59769651
1002,18.80571845
1003,14.64792561
1004,23.3307435
1005,45.57252269
1006,48.21793646
1007,46.88199324
1008,44.44902585
1009,30.76726557
1010,20.49368963
1011,19.5769798
1012,14.13905213
1013,15.10836602
1014,42.28097273
1015,48.07036909
1016,47.51163197
1017,29.82269727
1018,20.70114272
1019,25.33318095
1020,15.83493397
1021,18.21629652
1022,14.16233831
1023,38.53606734
1024,44.79505593
1025,39.5533332
1026,47.49348709
1027,37.37777066
1028,28.97029954
1029,32.81746405
1030,32.47825985
1031,31.73832363
1032,29.38747235
1033,42.73318896
1034,39.4222426
1035,47.19536203
1036,48.34273278
1037,48.34993706
1038,43.18515701
1039,34.02009558
1040,33.75244738
1041,36.12985196
1042,34.4959645
1043,25.71491674
1044,43.06177185
1045,40.0644835
1046,37.66084583
1047,47.79189451
1048,47.75163101
1049,47.3453869
1050,29.13859288
1051,22.59147557
1052,20.00757212
1053,15.83553569
1054,45.07140147
1055,48.32213733
1056,48.34964607
1057,46.48419422
1058,45.45208111
1059,17.45151968
1060,20.78029458
1061,19.84429511
1062,13.47432976
1063,39.68064151
1064,44.92209835
1065,41.32636635
1066,48.59768513
1067,47.35158733
1068,48.46701446
1069,46.81571178
1070,47.00370208
1071,44.87879597
1072,18.39278275
1073,18.01793945
1074,16.21201604
1075,23.65387726
1076,39.36678824
1077,49.35846316
1078,44.40835905
1079,18.57559161
1080,19.73260384
1081,17.08790197
1082,16.84082746
1083,13.64409297
1084,44.36528439
1085,42.2859423
1086,45.05657387
1087,47.62463871
1088,18.23867817
1089,13.58300722
1090,41.95441849
1091,45.90418491
1092,48.20040028
1093,47.51807353
1094,46.56029944
1095,43.09360282
1096,39.63426608
1097,30.00584544
1098,20.73404329
1099,26.13474398
1100,27.97790181
1101,41.51660302
1102,44.24955124
1103,38.42423157
1104,37.752498
1105,43.6081199
1106,48.00048448
1107,46.69067223
1108,42.84825304
1109,32.01355579
1110,34.41504247
1111,31.71615863
1112,27.4548122
1113,40.35116252
1114,43.71339589
1115,48.93560537
1116,48.07902855
1117,46.86009482
1118,27.03032871
1119,26.9086526
1120,40.36596041
1121,38.98057834
1122,40.98307288
1123,48.2583777
1124,44.78626037
1125,29.64892719
1126,28.78569183
1127,28.20992837
1128,36.71415158
1129,41.84465309
1130,41.17776486
1131,47.6875283
1132,47.10381214
1133,45.73346384
1134,32.83597418
1135,24.8534675
1136,25.53962497
1137,23.80478324
1138,22.35541021
1139,17.6727425
1140,44.06404575
1141,38.93373977
1142,47.45386331
1143,49.12412753
1144,46.76738955
1145,30.28876135
1146,20.09359668
1147,21.05671525
1148,47.13242615
1149,45.3614515
1150,20.17629155
1151,24.0657675
1152,26.32233089
1153,23.45750223
1154,24.05068332
1155,16.4734612
1156,16.26960931
1157,25.59091515
1158,36.74894336
1159,39.41256482
1160,47.75998539
1161,47.33876646
1162,47.96679989
1163,46.64893055
1164,36.04050896
1165,28.87190044
1166,27.43131027
1167,24.50481502
1168,44.90362345
1169,46.93597288
1170,47.07850412
1171,35.63993502
1172,28.95975478
1173,39.51675873
1174,39.37929263
1175,46.81693056
1176,46.68604795
1177,29.15276198
1178,19.64240697
1179,21.10760989
1180,21.31665429
1181,18.30107686
1182,15.7662715
1183,43.56154973
1184,42.89719479
1185,47.7155832
1186,46.85801411
1187,46.38512822
1188,27.36350592
1189,20.61144549
1190,17.95635868
1191,19.59134784
1192,35.84684105
1193,42.67918205
1194,46.96891903
1195,46.45319651
1196,47.0794771
1197,44.38080285
1198,26.58045464
1199,40.222085
1200,47.859185
1201,47.22216041
1202,44.3097901
1203,19.14694011
1204,24.31061461
1205,19.71355817
1206,18.26203948
1207,12.99290514
1208,22.0224398
1209,37.58243642
1210,46.74409039
1211,44.59969195
1212,18.74616358
1213,18.20890025
1214,18.43186086
1215,17.20620691
1216,47.5051579
1217,47.52460744
1218,47.01343203
1219,41.02551576
1220,29.18803332
1221,31.85544614
1222,29.82065763
1223,28.9588556
1224,29.51271789
1225,30.65299263
1226,28.98911359
1227,44.79565659
1228,37.7716366
1229,43.54848257
1230,47.88687484
1231,48.41768194
1232,34.56465891
1233,35.0824437
1234,37.60414654
1235,49.09684021
1236,19.97799546
1237,21.59068088
1238,19.04843608
1239,16.54768626
1240,25.43238027
1241,45.32470527
1242,39.67863688
1243,41.06612141
1244,48.36326116
1245,47.10749442
1246,20.38659251
1247,25.39420691
1248,27.23457399
1249,15.87597216
1250,45.52570571
1251,47.92943557
1252,47.11216696
1253,46.82817019
1254,23.58116136
1255,18.77006061
1256,20.02846553
1257,39.81733076
1258,48.37615324
1259,46.83855793
1260,47.23895132
1261,44.24472678
1262,29.71190136
1263,24.21306551
1264,20.87714948
1265,19.97535839
1266,17.64485906
1267,17.47468434
1268,24.68790334
1269,48.51963786
1270,47.50163276
1271,47.54359538
1272,45.05267193
1273,20.31590624
1274,21.85371958
1275,19.7679438
1276,19.4117363
1277,13.54833079
1278,23.39363917
1279,35.71922965
1280,45.6055014
1281,40.31921532
1282,47.40668512
1283,47.43412465
1284,46.42359061
1285,33.5057454
1286,33.7029497
1287,32.38912957
1288,27.97651205
1289,26.19942015
1290,44.37298335
1291,47.28618203
1292,47.51238927
1293,33.6672336
1294,34.54229855
1295,36.25368602
1296,33.78133889
1297,26.363685
1298,42.53911962
1299,48.24571349
1300,47.57897389
1301,45.05624256
1302,27.00534912
1303,17.65587581
1304,24.40630348
1305,47.45347579
1306,46.94799495
1307,47.37060829
1308,47.29127209
1309,28.43288495
1310,18.32907857
1311,26.63668673
1312,19.82961776
1313,20.67477245
1314,15.05363499
1315,25.50804972
1316,38.21773503
1317,38.80218221
1318,41.47847676
1319,47.70316366
1320,46.94307177
1321,45.81038227
1322,25.29267517
1323,19.96669339
1324,21.30111634
1325,26.14236989
1326,48.06589289
1327,20.60474605
1328,20.44638769
1329,19.68747227
1330,19.60714267
1331,15.07151021
1332,25.64970113
1333,39.17804071
1334,40.21319363
1335,48.2468135
1336,46.96032453
1337,45.43632554
1338,20.03841755
1339,21.28628083
1340,19.0355906
1341,17.36281902
1342,47.75845306
1343,47.47571006
1344,43.72641209
1345,38.06503294
1346,30.31527438
1347,23.20519144
1348,25.19193858
1349,42.91292788
1350,38.18741374
1351,34.71718011
1352,31.10620606
1353,31.27552514
1354,33.55102644
1355,26.11949612
1356,36.84124568
1357,38.83380248
1358,47.59077099
1359,31.22672414
1360,24.74829037
1361,25.28162333
1362,21.99744629
1363,18.82801702
1364,18.39484343
1365,16.45297748
1366,15.67291439
1367,38.58833403
1368,47.00274338
1369,31.41436616
1370,25.87201302
1371,19.81697263
1372,16.04367038
1373,39.87192083
1374,46.99735855
1375,47.9892583
1376,47.77449471
1377,31.16810784
1378,20.8567803
1379,39.60104886
1380,39.77226507
1381,47.67215791
1382,20.00926825
1383,16.01982787
1384,39.80468931
1385,43.70644872
1386,39.77815054
1387,48.02038051
1388,47.97338652
1389,45.96213366
1390,23.09029142
1391,25.57752167
1392,27.47016003
1393,22.9293711
1394,23.4347497
1395,20.46578561
1396,44.81637508
1397,47.78454843
1398,47.87348584
1399,46.66054817
1400,30.63413408
1401,30.91031591
1402,47.34115887
1403,46.64586798
1404,46.82019938
1405,42.70781879
1406,36.45089606
1407,36.6340629
1408,40.62916591
1409,39.10121208
1410,33.82673331
1411,43.72848013
1412,46.02747407
1413,46.31072964
1414,16.55312768
1415,26.86162841
1416,38.20824395
1417,46.69040258
1418,46.39521532
1419,46.10033692
1420,20.63351416
1421,24.43862949
1422,24.67569072
1423,20.99388142
1424,18.74274632
1425,15.59079616
1426,15.13834564
1427,24.7244055
1428,39.93200675
1429,46.77226486
1430,47.3318175
1431,46.6450778
1432,45.755912
1433,46.19916961
1434,21.44993092
1435,19.59432433
1436,19.48174445
1437,19.67387785
1438,14.95791272
1439,24.70517137
1440,37.89512167
1441,44.4652145
1442,47.4405391
1443,46.52681101
1444,45.72792883
1445,27.49593372
1446,18.45681436
1447,46.3576847
1448,45.85853617
1449,44.35807311
1450,27.8648192
1451,16.71903912
1452,18.37896715
1453,17.37500413
1454,13.71204864
1455,39.40869121
1456,39.47815047
1457,47.26968712
1458,46.68615906
1459,46.09699623
1460,27.77809857
1461,27.89252849
1462,25.96612245
1463,42.70895263
1464,47.10191183
1465,47.14658553
1466,47.27443797
1467,46.36078673
1468,42.01783637
1469,35.97013921
1470,33.6495748
1471,33.93801546
1472,47.4374148
1473,46.90035245
1474,17.85299718
1475,21.78190278
1476,18.30238925
1477,15.90155939
1478,38.69558331
1479,39.46257782
1480,47.40200193
1481,47.17944033
1482,46.2885665
1483,28.11356402
1484,22.81170221
1485,22.80337268
1486,20.25050799
1487,18.76427844
1488,15.04120173
1489,15.63950859
1490,26.22351953
1491,38.13205529
1492,47.21469416
1493,47.71299638
1494,46.52596782
1495,43.96082052
1496,21.23762553
1497,20.22933794
1498,21.02802102
1499,14.12994961
1500,23.08182541
1501,38.37073915
1502,44.28722653
1503,47.32817972
1504,46.14768827
1505,44.31414333
1506,15.47746453
1507,19.156251
1508,21.19736226
1509,18.01890558
1510,17.04995775
1511,16.59314948
1512,15.18930043
1513,38.12220754
1514,44.73883178
1515,39.32225623
1516,44.29704383
1517,23.22045961
1518,13.57637111
1519,37.66007737
1520,42.27437289
1521,45.58313047
1522,44.72722451
1523,34.61312674
1524,30.06335106
1525,27.10956361
1526,23.21948245
1527,23.48841826
1528,41.79901168
1529,36.29375977
1530,46.91787697
1531,46.6691211
1532,33.24721054
1533,32.95245663
1534,31.82990152
1535,39.64555481
1536,37.60949423
1537,47.60228429
1538,47.37720706
1539,47.588567
1540,47.82089724
1541,44.90434607
1542,31.24489749
1543,28.05944598
1544,26.5043625
1545,27.32105884
1546,25.59871887
1547,38.53930131
1548,47.33060156
1549,47.72221833
1550,46.98036694
1551,45.93765942
1552,28.31466131
1553,21.41276709
1554,20.81586029
1555,18.70353819
1556,13.89332878
1557,25.18392688
1558,36.82761151
1559,47.13593448
1560,49.15434943
1561,47.00279202
1562,46.64649545
1563,16.88844952
1564,19.81343521
1565,13.90913799
1566,15.05031742
1567,24.79366465
1568,42.74050319
1569,47.33539164
1570,22.61395606
1571,21.6252695
1572,16.61673663
1573,17.24917611
1574,15.45309496
1575,24.79589836
1576,43.69643431
1577,43.80971234
1578,47.16083378
1579,47.09752396
1580,47.0343522
1581,44.48008178
1582,26.80963359
1583,23.60432528
1584,18.21920023
1585,14.34877779
1586,36.16381441
1587,42.0448718
1588,38.3159736
1589,42.906832
1590,46.22383072
1591,46.95444625
1592,46.35972968
1593,40.96334122
1594,33.02271685
1595,27.23722201
1596,19.46661564
1597,37.21511425
1598,40.85817067
1599,37.0613638
1600,46.13770511
1601,46.56084483
1602,46.47931972
1603,46.72490854
1604,33.29742204
1605,27.3388133
1606,34.26760373
1607,33.0978499
1608,36.13859038
1609,47.46874998
1610,47.77647547
1611,46.76584774
1612,46.13433579
1613,18.88524062
1614,19.95365201
1615,20.10633825
1616,20.46878603
1617,38.53353828
1618,42.24349051
1619,47.85831394
1620,47.93034877
1621,47.15419263
1622,46.89725199
1623,46.24947083
1624,43.25812031
1625,27.30310395
1626,18.17322891
1627,25.51319524
1628,23.22394444
1629,19.91683446
1630,13.8772444
1631,47.7486751
1632,48.13129022
1633,47.34231657
1634,47.3397722
1635,46.46033962
1636,43.53551049
1637,16.5374354
1638,21.08337793
1639,22.07485005
1640,19.16176054
1641,15.03776064
1642,25.18394537
1643,38.75163256
1644,42.51029631
1645,47.30010575
1646,47.92611752
1647,46.90716805
1648,23.63450245
1649,19.77168975
1650,19.72740959
1651,18.32337385
1652,14.97354819
1653,26.77900025
1654,39.34482751
1655,38.41089571
1656,46.79636334
1657,43.83954367
1658,16.81220042
1659,24.89774648
1660,22.56176638
1661,19.14648649
1662,22.33073659
1663,20.66652418
1664,19.0008167
1665,37.67006075
1666,45.82767974
1667,40.80382094
1668,34.04713694
1669,28.37766237
1670,28.61630465
1671,18.28084754
1672,37.5492044
1673,36.18843961
1674,37.39209428
1675,46.93038062
1676,47.32650781
1677,47.9095439
1678,38.18694607
1679,30.16298779
1680,37.7992365
1681,47.82775045
1682,49.97588823
1683,47.08476581
1684,33.70377241
1685,21.64651885
1686,31.41919609
1687,25.53900442
1688,24.49918925
1689,26.85736049
1690,22.48467885
1691,26.60707677
1692,44.19440489
1693,39.99730912
1694,47.09577062
1695,45.96413838
1696,44.14514951
1697,19.1076124
1698,24.33304773
1699,20.13525517
1700,43.90357693
1701,46.15040477
1702,30.00344007
1703,16.25535801
1704,17.30914025
1705,22.81783192
1706,20.13959542
1707,18.63123066
1708,29.30482405
1709,40.92499184
1710,43.81504336
1711,49.47059401
1712,46.43850122
1713,44.03572785
1714,21.56101581
1715,21.07256792
1716,16.85069902
1717,17.12702196
1718,43.65036994
1719,42.91995198
1720,47.33242814
1721,47.0665444
1722,43.27182589
1723,26.94213579
1724,19.15007167
1725,21.11245124
1726,40.26573198
1727,44.36777389
1728,46.91359996
1729,41.93554241
1730,22.70547893
1731,25.09741368
1732,42.89408541
1733,47.21305133
1734,46.84582832
1735,47.65205128
1736,41.90929759
1737,28.83009679
1738,32.12303111
1739,34.10148592
1740,37.69298521
1741,35.67054426
1742,25.5264205
1743,41.66229324
1744,38.04412869
1745,41.60996166
1746,17.85402285
1747,21.32131327
1748,27.17045942
1749,40.30203964
1750,38.91924972
1751,47.16732077
1752,47.88702828
1753,17.74424631
1754,20.64939275
1755,20.73074031
1756,18.6270423
1757,39.33786159
1758,47.17900881
1759,46.97116817
1760,47.96268725
1761,47.08384449
1762,41.46142997
1763,18.74708032
1764,20.70925169
1765,24.07424487
1766,25.98356748
1767,48.34983195
1768,46.92848405
1769,46.22752283
1770,21.48909456
1771,21.27075104
1772,17.09929833
1773,48.21354692
1774,46.59522611
1775,46.90209741
1776,47.1978913
1777,46.20499658
1778,18.273757
1779,21.07416519
1780,21.14093979
1781,18.77312439
1782,24.24128436
1783,39.34924226
1784,44.75121097
1785,45.73164737
1786,42.21096712
1787,32.0563238
1788,33.63571552
1789,33.37125782
1790,34.2454266
1791,32.60263002
1792,31.29141897
1793,27.95861143
1794,41.92939975
1795,36.3699192
1796,39.95591406
1797,46.40640855
1798,46.68358619
1799,46.63851269
1800,45.75127746
1801,42.06631576
1802,33.74836305
1803,35.32542923
1804,37.17058298
1805,33.84020883
1806,27.37479375
1807,32.11682118
1808,41.89769978
1809,47.21064583
1810,48.74865144
1811,46.18050601
1812,46.57203639
1813,43.28813086
1814,20.55751339
1815,22.42349818
1816,23.09611004
1817,16.96859936
1818,24.58191892
1819,35.83957742
1820,39.113084
1821,46.76866599
1822,45.17804322
1823,22.26680201
1824,19.27755547
1825,25.25415159
1826,21.03713422
1827,25.86708874
1828,25.90494892
1829,44.3040031
1830,36.13433269
1831,49.25466299
1832,46.54774595
1833,44.47820723
1834,33.46635861
1835,19.97101022
1836,23.08700207
1837,22.93871873
1838,22.66774632
1839,20.53098444
1840,23.44451566
1841,36.93185093
1842,36.7278166
1843,44.78947767
1844,20.61533856
1845,21.13674815
1846,22.11632771
1847,14.76932845
1848,39.41299995
1849,47.40526137
1850,47.01760743
1851,45.57200071
1852,19.60914408
1853,20.08078689
1854,21.55632211
1855,21.89264013
1856,21.38716677
1857,36.96085763
1858,37.90985377
1859,47.86735749
1860,46.43128025
1861,37.49936316
1862,36.93615756
1863,32.61415656
1864,29.85095499
1865,47.43845961
1866,47.50470083
1867,46.26566757
1868,42.07495389
1869,33.62005091
1870,34.20775679
1871,32.33177642
1872,34.70807665
1873,35.45969517
1874,47.93102735
1875,47.76783427
1876,47.14040393
1877,45.56440021
1878,23.77486719
1879,23.13628062
1880,19.96630566
1881,47.45808288
1882,47.69695812
1883,46.91967199
1884,47.13272227
1885,19.07154489
1886,26.14959285
1887,22.27431001
1888,22.4908925
1889,22.85718825
1890,48.04948657
1891,20.5972593
1892,27.41794578
1893,26.55491732
1894,22.96491399
1895,16.39965846
1896,47.8789715
1897,47.66673024
1898,19.31038311
1899,22.24860442
1900,15.09997718
1901,25.80983696
1902,38.5055656
1903,47.22920092
1904,42.97029383
1905,18.33497899
1906,19.92385786
1907,22.63193603
1908,25.80442889
1909,19.21979504
1910,26.28961421
1911,47.48790312
1912,47.20034459
1913,36.18080699
1914,36.9731797
1915,35.45984227
1916,22.72434298
1917,28.8860284
1918,39.06757332
1919,43.57841719
1920,38.57406078
1921,47.61864267
1922,35.74837294
1923,31.15673133
1924,28.35986389
1925,31.76886727
1926,37.14561785
1927,43.2881291
1928,36.70171225
1929,47.05346571
1930,34.70799691
1931,20.10714571
1932,21.6779055
1933,22.10278561
1934,24.06841997
1935,22.8943899
1936,44.28779157
1937,36.25682997
1938,36.54614383
1939,47.05755296
1940,46.34366633
1941,43.43009468
1942,35.12104274
1943,19.47247162
1944,28.25876522
1945,26.12039405
1946,19.7931195
1947,24.50500967
1948,40.98689004
1949,37.36515842
1950,48.37408427
1951,46.82450265
1952,45.2791319
1953,33.24518174
1954,21.08270881
1955,21.93373104
1956,23.2242726
1957,19.30805274
1958,16.25779268
1959,39.57937051
1960,47.87460645
1961,48.73844881
1962,47.74310096
1963,48.45304865
1964,45.03774545
1965,24.61713991
1966,22.38772494
1967,43.41914498
1968,42.15627737
1969,48.34780249
1970,44.95177054
1971,17.28243035
1972,21.5029024
1973,22.93805001
1974,20.55663131
1975,15.8231329
1976,25.84087974
1977,42.76851871
1978,47.3889731
1979,47.1993941
1980,46.88076973
1981,44.69298875
1982,41.37255003
1983,33.31405185
1984,32.23979598
1985,29.92260144
1986,29.9316614
1987,28.19441205
1988,42.26205529
1989,45.7530129
1990,47.58286555
1991,46.7423485
1992,46.33224517
1993,32.4572348
1994,28.98354319
1995,33.02990616
1996,28.93540178
1997,28.8351725
1998,47.82808061
1999,31.9362807
2000,18.26958448
2001,20.10663653
2002,19.77543421
2003,18.61031649
2004,25.74791577
2005,42.05005366
2006,40.5921225
2007,47.83179331
2008,18.22138183
2009,17.91689738
2010,23.25811611
2011,17.83242935
2012,15.54883431
2013,17.24322826
2014,21.15427817
2015,19.58841103
2016,22.26060185
2017,17.90045031
2018,39.26514374
2019,39.11841434
2020,41.22174784
2021,47.49689614
2022,47.39094011
2023,46.70119621
2024,19.79838845
2025,19.45824482
2026,21.51612115
2027,23.23875857
2028,18.20501301
2029,38.66852345
2030,38.43203254
2031,39.97499022
2032,46.86363803
2033,43.44442839
2034,19.89882144
2035,21.86595884
2036,20.97013388
2037,20.81069
2038,15.62680744
2039,46.40645625
2040,46.23265004
2041,46.4468803
2042,37.87240317
2043,34.10523796
2044,27.3422089
2045,27.64630567
2046,45.06753221
2047,37.17789831
2048,38.34756231
2049,34.28664077
2050,33.50468128
2051,35.45178298
2052,36.69163596
2053,46.7567756
2054,47.10765797
2055,43.00337464
2056,19.86243977
2057,23.30224114
2058,21.56168946
2059,20.43976924
2060,22.73849038
2061,18.16281574
2062,14.48831183
2063,46.12797229
2064,47.04307962
2065,46.18576377
2066,18.84884851
2067,22.80824651
2068,20.48515034
2069,23.02028546
2070,13.69509414
2071,38.34417915
2072,39.0118172
2073,43.02422928
2074,47.27258598
2075,31.15724159
2076,18.81986005
2077,20.51117446
2078,19.94397654
2079,21.35131465
2080,21.86467383
2081,36.63465265
2082,47.08465852
2083,45.71450515
2084,43.44346013
2085,19.26267462
2086,22.78523597
2087,19.5105974
2088,21.42644024
2089,43.93414211
2090,42.10687086
2091,47.16112299
2092,46.64776636
2093,47.12618812
2094,43.832174
2095,18.11288269
2096,22.30236375
2097,18.73512685
2098,19.78152795
2099,19.32204086
2100,15.6595083
2101,41.72621827
2102,46.88322433
2103,47.46268574
2104,46.44571686
2105,44.40091921
2106,37.25089563
2107,39.34960666
2108,37.87660816
2109,35.85335164
2110,26.72063298
2111,26.65243956
2112,28.32456681
2113,36.51760589
2114,46.89862259
2115,47.65746148
2116,46.48700266
2117,42.73622231
2118,36.2373145
2119,33.99107951
2120,30.62070617
2121,31.24283778
2122,32.07455631
2123,35.48748232
2124,32.44918983
2125,35.96527286
2126,48.10706485
2127,48.56867014
2128,47.12913592
2129,46.73132434
2130,45.88860843
2131,20.09294344
2132,21.9060026
2133,18.37966904
2134,20.78123649
2135,21.8180477
2136,20.79761893
2137,15.10612367
2138,47.53194036
2139,48.90739458
2140,18.51013312
2141,20.72914849
2142,40.08616725
2143,48.9679537
2144,48.76400275
2145,45.46208608
2146,19.21725984
2147,22.70468335
2148,17.40017782
2149,20.83603413
2150,23.45952199
2151,36.8455621
2152,40.74579376
2153,49.14013453
2154,48.46672198
2155,46.85434745
2156,20.99509645
2157,21.53676552
2158,22.29022014
2159,23.35111312
2160,19.79332616
2161,17.07934019
2162,34.79470441
2163,41.47548842
2164,46.97437696
2165,32.99987452
2166,20.83902869
2167,20.08549075
2168,22.52594053
2169,22.90501435
2170,21.5870546
2171,21.74371619
2172,19.38654465
2173,15.57353724
2174,32.81954426
2175,36.41687138
2176,41.63491486
2177,46.5170577
2178,47.76118598
2179,48.46988062
2180,31.48670235
2181,27.4638163
2182,22.57488622
2183,25.70579232
2184,26.75984511
2185,38.00478506
2186,30.68902652
2187,41.15322628
2188,47.82307816
2189,47.71948825
2190,48.1751888
2191,48.72436407
2192,46.9098413
2193,44.62538142
2194,40.06327861
2195,33.73975919
2196,33.62932914
2197,30.70528566
2198,27.79298445
2199,22.85767473
2200,24.35040472
2201,39.04168936
2202,47.46436461
2203,46.55208147
2204,46.13708242
2205,19.24933599
2206,20.91564375
2207,16.4844134
2208,38.41613486
2209,37.18954928
2210,46.09788544
2211,45.25555112
2212,26.58580622
2213,20.39588634
2214,21.91969055
2215,16.35072304
2216,15.06948446
2217,23.0164037
2218,42.31304471
2219,47.44012895
2220,47.4059446
2221,46.53555898
2222,46.19620353
2223,45.26383422
2224,19.97591929
2225,22.40551802
2226,21.27889548
2227,23.18166082
2228,17.27432804
2229,16.32915245
2230,24.40788832
2231,42.05324165
2232,46.10162865
2233,47.48878369
2234,47.46782921
2235,46.4682863
2236,45.10786255
2237,21.16660849
2238,20.1913984
2239,27.44185125
2240,18.61077962
2241,24.65771635
2242,35.58570021
2243,46.26326363
2244,47.3996555
2245,47.08916595
2246,47.18253777
2247,46.68222216
2248,44.75054993
2249,31.68843951
2250,20.7548784
2251,27.39726265
2252,26.12880682
2253,23.2776272
2254,21.80455123
2255,20.68348698
2256,17.08256157
2257,23.31786543
2258,34.63382621
2259,37.53550542
2260,47.75222145
2261,46.72389325
2262,47.75959183
2263,38.55572029
2264,28.80609155
2265,23.16169817
2266,42.21700746
2267,47.72041597
2268,46.02939885
2269,36.7982139
2270,38.30568783
2271,38.50526933
2272,39.19926312
2273,38.32875087
2274,30.27541113
2275,42.85950917
2276,39.75701572
2277,37.46701131
2278,48.22141354
2279,47.26571874
2280,47.67780794
2281,46.99022574
2282,31.08023947
2283,24.71808513
2284,23.48391828
2285,21.33507907
2286,21.12172819
2287,16.76226704
2288,15.44111956
2289,38.14567189
2290,46.39286511
2291,28.79600437
2292,16.81968286
2293,17.22177364
2294,20.43298706
2295,20.43378635
2296,17.13950564
2297,43.54012791
2298,38.26977159
2299,48.74643204
2300,46.85581387
2301,23.2619754
2302,21.32810572
2303,19.24470878
2304,20.46423092
2305,15.56880606
2306,14.01765752
2307,38.26077118
2308,42.54675221
2309,48.6511744
2310,46.74501583
2311,46.79168181
2312,47.09544685
2313,44.46706703
2314,28.02589867
2315,47.9558433
2316,47.43245556
2317,46.63122852
2318,29.48074201
2319,18.771093
2320,24.01811426
2321,23.69385892
2322,20.31034104
2323,15.37718606
2324,24.8400968
2325,40.73809997
2326,47.51522934
2327,47.31801347
2328,47.2892918
2329,47.11337082
2330,47.11424305
2331,43.38118707
2332,36.34539446
2333,29.77874748
2334,26.78542186
2335,22.08677793
2336,29.36945765
2337,43.43207841
2338,36.02418008
2339,40.78892415
2340,47.32733282
2341,32.18357508
2342,30.6793229
2343,31.99310076
2344,35.32654257
2345,40.72973563
2346,48.04677878
2347,48.41697271
2348,18.51441091
2349,23.66158597
2350,22.08415823
2351,17.90174437
2352,24.63220736
2353,39.24521573
2354,47.39331086
2355,48.26528901
2356,47.20761052
2357,44.38147692
2358,18.1266658
2359,23.5472973
2360,19.90814575
2361,18.94954522
2362,18.76433969
2363,13.13532276
2364,13.02664666
2365,38.37324511
2366,47.41066713
2367,48.12542203
2368,47.19077286
2369,44.54336928
2370,27.77564238
2371,16.95122062
2372,38.01155745
2373,44.47005748
2374,48.81100027
2375,47.57577053
2376,20.25819823
2377,21.83662963
2378,20.7708234
2379,19.65380183
2380,14.72981311
2381,35.71295777
2382,37.59245624
2383,47.60697227
2384,47.59922906
2385,44.13153928
2386,19.16767055
2387,20.96950527
2388,21.58545981
2389,35.6918233
2390,46.14092116
2391,47.62586151
2392,47.41867235
2393,37.85918077
2394,27.4712677
2395,25.75236142
2396,24.58224643
2397,26.87781368
2398,47.67620286
2399,48.37091818
2400,47.59440535
2401,34.66394286
2402,26.24872919
2403,28.21138589
2404,30.90886922
2405,31.46735364
2406,30.40237734
2407,42.32170854
2408,38.40410904
2409,47.30418918
2410,46.17512725
2411,29.70168278
2412,19.96918543
2413,27.13337373
2414,22.01693036
2415,21.45468572
2416,14.82126271
2417,36.65503133
2418,47.75672444
2419,48.17492427
2420,24.69964204
2421,22.59417229
2422,47.10930438
2423,45.89279119
2424,16.22688703
2425,17.63041045
2426,19.83334281
2427,24.45863682
2428,18.42814059
2429,17.26390485
2430,15.59659013
2431,12.69346682
2432,43.4874143
2433,47.80437982
2434,47.50200124
2435,27.58506996
2436,20.10601771
2437,23.51461583
2438,22.42387173
2439,19.81592971
2440,16.32104027
2441,42.02524059
2442,48.01103682
2443,47.66879711
2444,46.8189583
2445,44.44746314
2446,18.28204461
2447,23.18038452
2448,22.03133311
2449,18.39602984
2450,15.31359228
2451,20.20106407
2452,48.04849701
2453,43.7021325
2454,35.2748669
2455,30.14211041
2456,23.43433577
2457,36.59118794
2458,35.49134298
2459,48.0270387
2460,46.4508514
2461,33.47003708
2462,33.19182855
2463,34.68008037
2464,25.02998391
2465,26.39208081
2466,29.57550818
2467,40.27040965
2468,36.41761105
2469,47.36530237
2470,47.99511141
2471,47.19868064
2472,45.9735756
2473,30.55698047
2474,18.55371253
2475,19.85795906
2476,21.94441317
2477,20.2016076
2478,19.04152207
2479,15.26495943
2480,12.66581287
2481,44.61088079
2482,37.6924167
2483,47.07533277
2484,47.70021604
2485,47.40963952
2486,46.69476635
2487,34.6586413
2488,36.11398824
2489,36.8202826
2490,31.46935461
2491,31.10376291
2492,31.04770512
2493,25.69437302
2494,41.90771714
2495,37.82939344
2496,48.89948218
2497,47.6377025
2498,47.90531419
2499,46.33838168
2500,44.24050495
2501,22.89921648
2502,18.3282841
2503,18.21738792
2504,12.9423279
2505,23.55601418
2506,37.29315877
2507,49.14398538
2508,48.01757905
2509,47.08361912
2510,44.68959713
2511,16.57597512
2512,23.46417356
2513,19.06255188
2514,18.9917786
2515,19.08677184
2516,16.9732862
2517,36.11079987
2518,37.82681018
2519,18.41054094
2520,23.62146401
2521,18.79518267
2522,18.71615323
2523,14.75524189
2524,14.51785131
2525,23.83586822
2526,35.81217128
2527,44.68144432
2528,45.97974735
2529,46.89626032
2530,47.90108606
2531,27.18494457
2532,27.52270804
2533,23.06426493
2534,27.08888125
2535,34.9925513
2536,46.25704224
2537,46.74191078
2538,47.88494761
2539,42.53956628
2540,34.83647929
2541,35.48259004
2542,38.53868179
2543,41.06519322
2544,46.40013044
2545,47.61110779
2546,45.86077433
2547,47.38250027
2548,38.19088845
2549,35.91877261
2550,33.71374575
2551,29.80730491
2552,26.20700063
2553,38.66980429
2554,42.19089132
2555,42.85740698
2556,46.940192
2557,48.21552219
2558,47.36742176
2559,46.90004144
2560,45.78734867
2561,30.95729546
2562,23.80496863
2563,23.6572331
2564,31.12320513
2565,22.46944032
2566,20.2468146
2567,38.70648846
2568,47.34067667
2569,45.89145161
2570,19.55106738
2571,24.76767163
2572,22.69238996
2573,16.29575492
2574,14.6861778
2575,48.75350686
2576,28.81291403
2577,17.89181597
2578,14.42253433
2579,45.65980866
2580,41.31037961
2581,47.39162161
2582,46.81879408
2583,47.27653327
2584,46.77060667
2585,45.79569829
2586,18.7584514
2587,24.5288907
2588,21.74801288
2589,23.22752196
2590,20.55553208
2591,44.6564033
2592,38.9560221
2593,46.58688923
2594,47.05381488
2595,47.19290275
2596,32.15636303
2597,33.03674447
2598,35.46699418
2599,32.66657596
2600,31.00593905
2601,23.00946832
2602,28.24717237
2603,38.0154157
2604,47.19633443
2605,47.08931896
2606,47.65935247
2607,29.67682062
2608,33.88200007
2609,35.02364661
2610,28.41270592
2611,28.50388881
2612,28.42664842
2613,41.09957229
2614,38.5296942
2615,40.03996173
2616,47.59687467
2617,44.68289711
2618,29.47040385
2619,19.31550547
2620,22.50279282
2621,25.69827794
2622,22.39074962
2623,19.92571124
2624,19.69978193
2625,18.10789187
2626,36.21216906
2627,47.49514579
2628,47.25580207
2629,46.38321589
2630,27.53229779
2631,23.21571839
2632,19.57863749
2633,19.74032241
2634,17.57859559
2635,37.79943013
2636,44.52265491
2637,40.65067667
2638,42.37174613
2639,47.48163261
2640,49.19673032
2641,47.10232734
2642,27.55452089
2643,20.35303521
2644,22.2659307
2645,20.66265146
2646,20.77330781
2647,18.1597749
2648,14.7320755
2649,40.64572555
2650,47.3698496
2651,47.94413367
2652,47.67646889
2653,47.29867076
2654,27.16837168
2655,18.1711808
2656,19.49246989
2657,16.25756539
2658,22.54296818
2659,43.76900459
2660,41.26855243
2661,47.26878665
2662,48.36404358
2663,47.37815159
2664,46.86687675
2665,27.66783676
2666,17.37462039
2667,22.14053731
2668,21.21150718
2669,20.69683572
2670,20.93460837
2671,42.60622303
2672,38.51958587
2673,27.47334337
2674,23.49749704
2675,25.97329958
2676,42.93474079
2677,38.65333753
2678,43.36942459
2679,48.58257091
2680,47.03588829
2681,47.54987599
2682,41.99090457
2683,33.43944905
2684,31.18223596
2685,33.27159263
2686,48.94698173
2687,47.2995106
2688,46.68470143
2689,43.41689412
2690,27.18586271
2691,18.94785562
2692,19.67197572
2693,15.10556649
2694,34.34691593
2695,44.37670899
2696,40.13444965
2697,48.01279206
2698,47.50638278
2699,46.43921803
2700,18.35765003
2701,19.90179051
2702,21.84101345
2703,22.47746442
2704,36.12692211
2705,39.55415669
2706,47.56583469
2707,45.45937079
2708,33.77863366
2709,35.74320115
2710,30.92238855
2711,30.81896045
2712,30.76423759
2713,32.4771673
2714,26.04405769
2715,40.87158925
2716,47.81100073
2717,46.71910659
2718,27.65248588
2719,18.15812585
2720,22.70634561
2721,18.73158824
2722,17.9957474
2723,17.67748564
2724,14.13478925
2725,21.15122753
2726,36.39170926
2727,47.44534468
2728,47.49373065
2729,43.08651388
2730,23.24676328
2731,17.90132598
2732,14.67263314
2733,21.11166874
2734,36.77980968
2735,46.36382668
2736,48.12469822
2737,48.1930543
2738,48.39773624
2739,46.86048721
2740,43.15055062
2741,33.47543723
2742,30.56358782
2743,25.67978169
2744,25.87177367
2745,21.37709625
2746,24.86228524
2747,43.87798689
2748,48.49816117
2749,47.35352477
2750,47.92970095
2751,42.86315001
2752,33.11609992
2753,32.81493505
2754,35.22096681
2755,25.11194155
2756,24.6412187
2757,48.48719576
2758,47.90856465
2759,47.67751476
2760,21.02328839
2761,20.06402443
2762,18.56152338
2763,13.3943587
2764,21.32972054
2765,36.5925618
2766,42.42471717
2767,48.61110218
2768,48.84036305
2769,47.54284423
2770,46.04433034
2771,17.96207629
2772,21.28844012
2773,22.12929011
2774,19.45810526
2775,21.83504406
2776,37.89094199
2777,45.48635797
2778,42.24178592
2779,48.60893873
2780,47.90575503
2781,48.09432199
2782,47.0280481
2783,45.44886396
2784,29.62138108
2785,18.65427651
2786,20.37754492
2787,22.56747369
2788,15.75632616
2789,12.45111372
2790,23.52401801
2791,37.81133845
2792,44.41001081
2793,37.46587468
2794,40.61299965
2795,48.76459094
2796,46.32794695
2797,19.61740559
2798,20.67053922
2799,20.37892357
2800,20.50496875
2801,17.93163336
2802,17.54192609
2803,15.46236071
2804,24.11641628
2805,39.10172661
2806,47.82061367
2807,48.86614724
2808,47.81992254
2809,28.67295035
2810,17.24916262
2811,21.52870531
2812,18.44178182
2813,16.53836428
2814,23.96324139
2815,44.08749161
2816,40.32921625
2817,44.66696091
2818,28.03929778
2819,29.43910748
2820,22.89489448
2821,26.0827534
2822,43.50117441
2823,38.98669024
2824,44.24646592
2825,46.89283109
2826,47.08183035
2827,47.53435427
2828,48.22049552
2829,43.50566104
2830,32.90390141
2831,26.50566545
2832,26.219065
2833,28.78591647
2834,28.01748003
2835,28.33228491
2836,37.18664989
2837,47.54187603
2838,46.72441992
2839,19.58602084
2840,22.14789904
2841,23.02179237
2842,19.67071629
2843,19.36283542
2844,20.43907426
2845,15.56548972
2846,34.45013796
2847,39.68865705
2848,47.84733694
2849,47.52194076
2850,48.35671691
2851,47.42709054
2852,46.67694584
2853,45.70187775
2854,18.89046858
2855,19.05558336
2856,46.05305085
2857,39.53841093
2858,39.60908731
2859,48.98402799
2860,28.82694961
2861,19.26350669
2862,18.12711434
2863,22.58887205
2864,17.35337531
2865,13.48911628
2866,23.53844524
2867,34.98829086
2868,42.9999842
2869,36.04941636
2870,24.65668777
2871,21.73981559
2872,21.95827672
2873,20.85970543
2874,15.07992365
2875,39.40341968
2876,46.87625164
2877,48.02748858
2878,47.62427519
2879,48.19088286
2880,28.77453822
2881,19.66679521
2882,23.47831119
2883,24.78265249
2884,21.33834864
2885,21.30111964
2886,15.11872536
2887,43.21058096
2888,43.25451356
2889,48.29817316
2890,47.56291868
2891,47.53073404
2892,42.61497363
2893,30.1482616
2894,28.90950589
2895,31.89495943
2896,27.73147689
2897,22.01756223
2898,35.2230436
2899,43.63715118
2900,43.58874533
2901,48.02372322
2902,47.59992966
2903,31.80769181
2904,31.28511087
2905,30.07905892
2906,33.29168781
2907,31.12287526
2908,34.23091746
2909,39.04375863
2910,37.05565717
2911,47.00842064
2912,47.07612231
2913,29.58449738
2914,18.24726723
2915,25.39632407
2916,23.04365946
2917,21.3802503
2918,37.35031738
2919,43.15991505
2920,46.44043398
2921,46.93836127
2922,47.37431216
2923,25.18388499
2924,22.38813552
2925,24.21599489
2926,21.14698645
2927,11.78794052
2928,13.9375641
2929,39.33638437
2930,47.9550467
2931,47.47290076
2932,17.51671172
2933,17.90581597
2934,21.68091037
2935,23.07387071
2936,18.89786818
2937,14.37525032
2938,44.02425928
2939,39.01582065
2940,47.72650372
2941,47.85832934
2942,47.44859077
2943,19.65762085
2944,25.23362045
2945,24.97485473
2946,14.48677381
2947,23.23854051
2948,44.08451443
2949,38.69401441
2950,44.01680692
2951,47.56693659
2952,43.76239514
2953,27.6457696
2954,18.07871639
2955,23.64577676
2956,21.72135332
2957,19.3467775
2958,18.94549608
2959,23.57516878
2960,43.74056997
2961,43.07115135
2962,46.18308112
2963,48.76114709
2964,42.74392383
2965,40.20477707
2966,35.51686643
2967,33.41699713
2968,34.939899
2969,30.78401427
2970,24.8720925
2971,41.83486832
2972,46.12240082
2973,48.3468573
2974,47.18595741
2975,42.35184793
2976,31.22826795
2977,22.80604208
2978,39.61859996
2979,25.11491644
2980,22.44583291
2981,22.1725365
2982,23.01320129
2983,14.65541424
2984,15.27731835
2985,40.90766197
2986,47.80167623
2987,47.62987647
2988,48.18343922
2989,44.78605297
2990,16.56903485
2991,18.33135005
2992,24.29819418
2993,22.76763325
2994,18.29050109
2995,13.49822519
2996,19.86060652
2997,43.36444758
2998,41.90932658
2999,48.9038628
3000,47.54737475
3001,47.05193209
3002,24.59591833
3003,19.71737763
3004,16.73303734
3005,14.22721298
3006,39.35856586
3007,39.38981905
3008,47.89056949
3009,45.04575657
3010,20.9139032
3011,20.06474133
3012,22.43391297
3013,34.66564271
3014,43.61446331
3015,38.65621062
3016,48.43960458
3017,26.43616817
3018,21.73374811
3019,20.64392931
3020,16.83594841
3021,13.88769097
3022,21.93543791
3023,37.82375696
3024,45.82120342
3025,41.29144855
3026,28.32633325
3027,25.40931157
3028,27.36509966
3029,30.59976282
3030,31.16714703
3031,36.9338143
3032,45.95971907
3033,47.56769173
3034,47.75277788
3035,47.6718096
3036,41.11117216
3037,25.61372906
3038,25.02868839
3039,33.22934845
3040,32.3733796
3041,35.16066544
3042,24.90278329
3043,36.05782752
3044,41.49090047
3045,37.89793517
3046,47.86161274
3047,48.34175408
3048,45.47524938
3049,17.5640874
3050,23.94400511
3051,20.18636652
3052,20.22221139
3053,17.87794616
3054,17.36581191
3055,14.73223321
3056,43.29939173
3057,47.7530676
3058,47.86053148
3059,47.77073622
3060,48.14936042
3061,18.47579747
3062,23.92526357
3063,19.71606367
3064,18.47929746
3065,17.06848442
3066,16.3470414
3067,14.63221011
3068,41.20200403
3069,38.72755497
3070,48.23420514
3071,48.52179734
3072,48.15132175
3073,47.43372679
3074,26.59940192
3075,22.50753105
3076,23.24331118
3077,19.06087039
3078,17.80359298
3079,17.3148793
3080,13.86695616
3081,34.26145569
3082,42.52210322
3083,43.70917586
3084,48.2629952
3085,47.64946442
3086,47.67489813
3087,26.63187723
3088,18.32845463
3089,21.4976052
3090,23.06340453
3091,17.27423943
3092,18.57595158
3093,17.62924887
3094,35.94457874
3095,37.36812451
3096,48.45556158
3097,47.11410884
3098,27.10465274
3099,21.41592659
3100,21.2545997
3101,20.33367027
3102,18.52415614
3103,18.16519577
3104,12.82298186
3105,37.94003775
3106,42.47738955
3107,45.99348193
3108,46.1568754
3109,45.75705483
3110,26.14191571
3111,27.33392898
3112,26.88874466
3113,27.07865822
3114,39.51866248
3115,38.5724541
3116,48.12467753
3117,48.69826179
3118,40.60857317
3119,25.87196795
3120,24.55406356
3121,28.75072632
3122,31.83094185
3123,31.0008478
3124,32.1691846
3125,26.66823546
3126,40.02248166
3127,37.21991682
3128,38.62140637
3129,48.35712253
3130,48.26199476
3131,47.58519991
3132,46.95488499
3133,30.22940025
3134,20.30346925
3135,21.15550019
3136,23.65091016
3137,24.05482776
3138,19.76638287
3139,16.63065064
3140,47.17251105
3141,23.13477677
3142,19.82949106
3143,17.90867314
3144,15.50848646
3145,14.50861891
3146,47.92336353
3147,48.80224355
3148,46.48497294
3149,45.00383542
3150,18.305984
3151,15.0225402
3152,33.4376691
3153,44.64450215
3154,49.06764817
3155,46.94345085
3156,19.27148772
3157,21.70034907
3158,19.93947719
3159,19.2162762
3160,19.32516181
3161,47.64331683
3162,45.13764761
3163,27.75305653
3164,19.18185896
3165,21.45734224
3166,20.7724536
3167,20.16052893
3168,18.81103916
3169,13.87149218
3170,22.12850265
3171,38.49133996
3172,47.80233458
3173,48.06766923
3174,49.02411048
3175,28.75089444
3176,23.81855225
3177,27.37178252
3178,24.16210449
3179,24.37831463
3180,20.30530237
3181,19.73569323
3182,25.27707794
3183,41.93722327
3184,35.36127053
3185,35.66112413
3186,47.34048328
3187,47.75386553
3188,48.37884729
3189,48.01574175
3190,48.00146969
3191,33.031481
3192,32.24630342
3193,35.48368421
3194,36.32960478
3195,32.10298126
3196,38.34520932
3197,47.40019718
3198,49.30694523
3199,47.14182764
3200,48.3409762
3201,45.12552052
3202,27.88768375
3203,19.99928753
3204,20.4346284
3205,17.40939582
3206,16.03860811
3207,37.71640594
3208,44.15988268
3209,37.94862198
3210,48.55032912
3211,47.06777562
3212,48.37262126
3213,47.12360822
3214,44.37183509
3215,20.61439074
3216,21.90829473
3217,18.94986088
3218,38.57794174
3219,37.82779018
3220,40.94994041
3221,48.43515825
3222,47.0347846
3223,47.8091402
3224,21.59425411
3225,22.97552934
3226,20.96744333
3227,14.6221208
3228,38.71161888
3229,39.13201755
3230,41.05051117
3231,48.82803545
3232,46.58359462
3233,47.53545634
3234,46.76402863
3235,21.02598623
3236,19.23319435
3237,18.34675098
3238,18.96464084
3239,12.74371768
3240,21.74216621
3241,42.78873753
3242,47.61888562
3243,47.37203287
3244,27.23834948
3245,15.91090601
3246,18.16373605
3247,20.8816873
3248,21.85348412
3249,19.0699337
3250,15.86409648
3251,16.51818478
3252,21.48282806
3253,39.82814685
3254,36.82847051
3255,41.32539058
3256,47.62153645
3257,47.49685754
3258,34.98459888
3259,33.45179868
3260,22.42442221
3261,25.44289075
3262,42.59576789
3263,38.33263214
3264,36.54506212
3265,47.51645109
3266,47.47093742
3267,35.80810071
3268,33.94394237
3269,31.11884545
3270,36.49857891
3271,37.46578415
3272,35.17361957
3273,47.83561903
3274,47.11423896
3275,21.29721192
3276,21.17288837
3277,20.9973672
3278,15.38075165
3279,23.62552691
3280,35.09594758
3281,46.95975983
3282,47.81351719
3283,47.04605048
3284,27.58958665
3285,24.81577484
3286,21.19782939
3287,21.09137642
3288,17.44970853
3289,18.28780989
3290,14.15463158
3291,14.86107416
3292,39.33782331
3293,44.92790418
3294,38.10445491
3295,41.26532808
3296,47.2458104
3297,48.27249338
3298,44.95497732
3299,25.26669762
3300,20.66008189
3301,18.87664335
3302,47.74464
3303,47.29732041
3304,47.89719863
3305,47.57810082
3306,27.22625186
3307,16.70838849
3308,19.37540706
3309,18.42774005
3310,14.66260467
3311,10.79134304
3312,19.54089961
3313,37.52330127
3314,48.01692504
3315,48.65510951
3316,47.3499688
3317,45.25502817
3318,27.28707519
3319,17.73115076
3320,19.65543417
3321,24.43338539
3322,21.37107356
3323,19.13242487
3324,18.34574336
3325,14.54513607
3326,11.38034059
3327,20.0044637
3328,37.30648896
3329,44.04291444
3330,47.91528171
3331,47.05159699
3332,34.27162639
3333,34.26983916
3334,47.27378013
3335,47.98775355
3336,47.47609053
3337,46.75432563
3338,42.42861991
3339,28.43690998
3340,29.85586618
3341,28.65359828
3342,32.08037194
3343,30.23172451
3344,30.08224222
3345,32.08773938
3346,47.79498305
3347,48.33190659
3348,46.64945997
3349,45.33329204
3350,31.45090807
3351,20.13823945
3352,21.55016845
3353,17.19636033
3354,14.58925342
3355,23.93321543
3356,37.06951058
3357,43.94778448
3358,46.95857155
3359,47.92726957
3360,30.67383502
3361,21.74381324
3362,23.18954308
3363,19.0008681
3364,14.37194582
3365,23.53301446
3366,38.95185243
3367,47.64951727
3368,45.89065062
3369,30.5244128
3370,17.95775694
3371,35.4138906
3372,38.7023838
3373,47.39230691
3374,47.5375355
3375,47.97669105
3376,47.88811195
3377,30.19296316
3378,16.75281896
3379,17.31943311
3380,21.90640137
3381,19.41171041
3382,18.84106173
3383,17.5034504
3384,12.61843565
3385,23.20833707
3386,34.08114616
3387,47.21662024
3388,30.69916825
3389,25.11938711
3390,10.20930178
3391,21.75223948
3392,38.79877105
3393,48.27403392
3394,49.20865443
3395,48.57733828
3396,44.21277551
3397,27.2594446
3398,30.64145918
3399,19.52194249
3400,18.78668269
3401,19.35286852
3402,17.39075974
3403,17.09793608
3404,34.83701231
3405,47.82487813
3406,48.04102732
3407,48.05846587
3408,47.44216432
3409,46.90760855
3410,37.00798569
3411,33.87318524
3412,34.91554641
3413,34.66100054
3414,26.45395706
3415,48.21070075
3416,45.64740741
3417,20.81645064
3418,27.48718019
3419,24.19834317
3420,22.89098887
3421,16.96895603
3422,18.0746756
3423,37.8780993
3424,47.94808029
3425,47.88817972
3426,48.0001403
3427,44.97655068
3428,32.95713152
3429,33.45446941
3430,33.00659554
3431,25.16701017
3432,26.671375
3433,23.40764621
3434,23.41784266
3435,37.83857684
3436,39.79203957
3437,47.71313469
3438,48.32933184
3439,47.35019081
3440,47.48830076
3441,21.83529876
3442,24.29609378
3443,23.38049191
3444,17.72414457
3445,18.31141952
3446,28.83338394
3447,41.72663629
3448,48.5307766
3449,48.01048127
3450,48.1413244
3451,47.30680273
3452,45.30775991
3453,39.50786768
3454,26.53896935
3455,21.83767857
3456,22.47648683
3457,21.68167083
3458,15.6283421
3459,45.14163224
3460,48.86507019
3461,48.53994937
3462,46.83437443
3463,46.53773298
3464,21.65033287
3465,17.64126152
3466,20.06204807
3467,20.37604158
3468,13.49811012
3469,40.45807418
3470,47.48533826
3471,43.61752469
3472,36.27177268
3473,32.30023332
3474,25.17511641
3475,24.66649225
3476,42.2131448
3477,39.74339053
3478,37.1151999
3479,47.52725792
3480,47.56395563
3481,47.61336455
3482,47.57932492
3483,46.92584336
3484,46.49102527
3485,43.72782016
3486,37.78197932
3487,37.84357357
3488,36.58479378
3489,34.53934829
3490,33.72902604
3491,42.3366462
3492,39.05423341
3493,47.40488956
3494,46.79144962
3495,45.04416031
3496,30.92052714
3497,23.81480754
3498,22.77437672
3499,19.16619111
3500,37.62389952
3501,40.84002875
3502,39.00332516
3503,40.66984698
